category,keyword
main,Technical Consultant
main,Product Manager
main,Data Analyst
consulting,Technical Consultant
consulting,Management Consultant
consulting,Business Consultant
consulting,AI Consultant
consulting,Strategy Consultant
consulting,Change Management Consultant
consulting,Program Manager
finance,Financial Analyst
finance,Corporate Finance Manager
finance,Financial Technology Analyst
finance,Business Analyst
finance,Data Analyst
finance,Reporting Analyst
product,Product Manager
product,Associate Product Manager
product,Senior Product Manager
product,AI Product Manager
product,Technical Product Manager
product,Product Owner
product,Data Product Manager
